Server Status - EBLLEQA345C0T4,EBLLEQA345C0T4,6.0,90.6,62.8,0.01 Mbps,0.00 Mbps,Stopped,Stopped,Stopped,Stopped,Stopped,192.168.1.138,154.159.252.42,172.17.16.1,2024-11-11T12:51:48.536511
Server Status - EBLLEQA345C0T4,EBLLEQA345C0T4,15.7,94.0,62.8,0.13 Mbps,0.02 Mbps,Stopped,Stopped,Stopped,Stopped,Stopped,192.168.1.138,154.159.252.42,172.17.16.1,2024-11-11T12:52:14.258332
Server Status - EBLLEQA345C0T4,EBLLEQA345C0T4,10.3,94.6,62.8,0.10 Mbps,0.02 Mbps,Stopped,Stopped,Stopped,Stopped,Stopped,192.168.1.138,154.159.252.42,172.17.16.1,2024-11-11T12:52:36.711495
Server Status - EBLLEQA345C0T4,EBLLEQA345C0T4,5.4,91.4,62.8,0.00 Mbps,0.01 Mbps,Stopped,Stopped,Stopped,Stopped,Stopped,192.168.1.138,154.159.252.42,172.17.16.1,2024-11-11T12:52:59.344076
Server Status - EBLLEQA345C0T4,EBLLEQA345C0T4,7.6,93.4,62.8,0.33 Mbps,41.13 Mbps,Stopped,Stopped,Stopped,Stopped,Stopped,192.168.1.138,154.159.252.42,172.17.16.1,2024-11-11T12:53:22.424607
Server Status - EBLLEQA345C0T4,EBLLEQA345C0T4,18.1,93.1,62.8,14.59 Mbps,0.31 Mbps,Stopped,Stopped,Stopped,Stopped,Stopped,192.168.1.138,154.159.252.42,172.17.16.1,2024-11-11T12:53:45.002973
Server Status - EBLLEQA345C0T4,EBLLEQA345C0T4,4.7,91.6,62.9,0.03 Mbps,0.05 Mbps,Stopped,Stopped,Stopped,Stopped,Stopped,192.168.1.138,154.159.252.42,172.17.16.1,2024-11-11T12:54:07.190265
Server Status - EBLLEQA345C0T4,EBLLEQA345C0T4,9.2,91.6,62.9,0.00 Mbps,0.00 Mbps,Stopped,Stopped,Stopped,Stopped,Stopped,192.168.1.138,154.159.252.42,172.17.16.1,2024-11-11T12:54:30.257847
Server Status - EBLLEQA345C0T4,EBLLEQA345C0T4,7.8,87.3,62.8,0.01 Mbps,0.00 Mbps,Stopped,Stopped,Stopped,Stopped,Stopped,192.168.1.138,154.159.252.42,172.17.16.1,2024-11-11T12:54:52.962988
Server Status - EBLLEQA345C0T4,EBLLEQA345C0T4,10.1,86.6,62.8,0.00 Mbps,0.00 Mbps,Stopped,Stopped,Stopped,Stopped,Stopped,192.168.1.138,154.159.252.42,172.17.16.1,2024-11-11T12:55:15.182267
Server Status - EBLLEQA345C0T4,EBLLEQA345C0T4,6.7,88.0,62.8,0.02 Mbps,0.01 Mbps,Stopped,Stopped,Stopped,Stopped,Stopped,192.168.1.138,154.159.252.42,172.17.16.1,2024-11-11T12:55:37.646657
Server Status - EBLLEQA345C0T4,EBLLEQA345C0T4,6.4,87.8,62.8,0.03 Mbps,0.03 Mbps,Stopped,Stopped,Stopped,Stopped,Stopped,192.168.1.138,154.159.252.42,172.17.16.1,2024-11-11T12:56:01.130183
Server Status - EBLLEQA345C0T3,EBLLEQA345C0T3,4.0,88.6,73.2,0.07 Mbps,0.01 Mbps,Stopped,Stopped,Stopped,Stopped,Stopped,10.10.49.80,196.11.88.133,"172.21.96.1, 172.25.96.1",2024-11-11T15:38:20.904592
Server Status - EBLLEQA345C0T3,EBLLEQA345C0T3,8.2,88.9,73.2,0.02 Mbps,0.01 Mbps,Stopped,Stopped,Stopped,Stopped,Stopped,10.10.49.80,196.11.88.133,"172.21.96.1, 172.25.96.1",2024-11-11T15:38:46.302361
Server Status - EBLLEQA345C0T3,EBLLEQA345C0T3,6.9,91.3,73.2,0.03 Mbps,0.01 Mbps,Stopped,Stopped,Stopped,Stopped,Stopped,10.10.49.80,196.11.88.133,"172.21.96.1, 172.25.96.1",2024-11-11T15:39:08.624568
Server Status - EBLLEQA345C0T3,EBLLEQA345C0T3,17.3,94.0,73.2,0.06 Mbps,0.05 Mbps,Stopped,Stopped,Stopped,Stopped,Stopped,10.10.49.80,196.11.88.133,"172.21.96.1, 172.25.96.1",2024-11-11T15:39:31.136842
Server Status - EBLLEQA345C0T3,EBLLEQA345C0T3,20.9,94.1,73.2,0.03 Mbps,0.01 Mbps,Stopped,Stopped,Stopped,Stopped,Stopped,10.10.49.80,196.11.88.133,"172.21.96.1, 172.25.96.1",2024-11-11T15:39:54.917602
Server Status - EBLLEQA345C0T3,EBLLEQA345C0T3,11.0,92.5,73.2,0.07 Mbps,0.02 Mbps,Stopped,Stopped,Stopped,Stopped,Stopped,10.10.49.80,196.11.88.133,"172.21.96.1, 172.25.96.1",2024-11-11T15:40:19.016090
Server Status - EBLLEQA345C0T3,EBLLEQA345C0T3,13.0,92.4,73.2,0.02 Mbps,0.00 Mbps,Stopped,Stopped,Stopped,Stopped,Stopped,10.10.49.80,196.11.88.133,"172.21.96.1, 172.25.96.1",2024-11-11T15:40:40.991743
Server Status - EBLLEQA345C0T3,EBLLEQA345C0T3,10.2,94.1,73.2,0.02 Mbps,0.01 Mbps,Stopped,Stopped,Stopped,Stopped,Stopped,10.10.49.80,196.11.88.133,"172.21.96.1, 172.25.96.1",2024-11-11T15:41:03.642956
Server Status - EBLLEQA345C0T3,EBLLEQA345C0T3,16.1,93.7,73.2,0.19 Mbps,0.56 Mbps,Stopped,Stopped,Stopped,Stopped,Stopped,10.10.49.80,196.11.88.133,"172.21.96.1, 172.25.96.1",2024-11-11T15:41:31.713384
Server Status - EBLLEQA345C0T3,EBLLEQA345C0T3,23.0,91.5,73.2,0.15 Mbps,0.52 Mbps,Stopped,Stopped,Stopped,Stopped,Stopped,10.10.49.80,196.11.88.133,"172.21.96.1, 172.25.96.1",2024-11-11T15:41:54.952787
Server Status - EBLLEQA345C0T3,EBLLEQA345C0T3,6.6,92.5,73.2,0.02 Mbps,0.01 Mbps,Stopped,Stopped,Stopped,Stopped,Stopped,10.10.49.80,196.11.88.133,"172.21.96.1, 172.25.96.1",2024-11-11T15:42:16.640080
Server Status - EBLLEQA345C0T3,EBLLEQA345C0T3,10.1,93.4,73.2,0.03 Mbps,0.01 Mbps,Stopped,Stopped,Stopped,Stopped,Stopped,10.10.49.80,196.11.88.133,"172.21.96.1, 172.25.96.1",2024-11-11T15:42:38.028831
Server Status - EBLLEQA345C0T3,EBLLEQA345C0T3,10.7,85.6,73.2,0.01 Mbps,0.01 Mbps,Stopped,Stopped,Stopped,Stopped,Stopped,10.10.49.80,196.11.88.133,"172.21.96.1, 172.25.96.1",2024-11-11T15:42:59.460491
Server Status - EBLLEQA345C0T3,EBLLEQA345C0T3,9.4,86.5,73.2,0.06 Mbps,0.01 Mbps,Stopped,Stopped,Stopped,Stopped,Stopped,10.10.49.80,196.11.88.133,"172.21.96.1, 172.25.96.1",2024-11-11T15:43:21.920080
Server Status - EBLLEQA345C0T3,EBLLEQA345C0T3,5.4,89.6,73.2,0.03 Mbps,0.02 Mbps,Stopped,Stopped,Stopped,Stopped,Stopped,10.10.49.80,196.11.88.133,"172.21.96.1, 172.25.96.1",2024-11-11T15:43:43.962015
Server Status - EBLLEQA345C0T3,EBLLEQA345C0T3,21.4,92.9,73.2,0.04 Mbps,0.01 Mbps,Stopped,Stopped,Stopped,Stopped,Stopped,10.10.49.80,196.11.88.133,"172.21.96.1, 172.25.96.1",2024-11-11T15:44:06.669311
Server Status - EBLLEQA345C0T3,EBLLEQA345C0T3,17.3,92.6,73.2,0.01 Mbps,0.00 Mbps,Stopped,Stopped,Stopped,Stopped,Stopped,10.10.49.80,196.11.88.133,"172.21.96.1, 172.25.96.1",2024-11-11T15:44:28.213134
Server Status - EBLLEQA345C0T3,EBLLEQA345C0T3,8.3,93.9,73.2,0.02 Mbps,0.01 Mbps,Stopped,Stopped,Stopped,Stopped,Stopped,10.10.49.80,196.11.88.133,"172.21.96.1, 172.25.96.1",2024-11-11T15:44:49.788053
Server Status - EBLLEQA345C0T3,EBLLEQA345C0T3,10.0,93.9,73.2,0.02 Mbps,0.02 Mbps,Stopped,Stopped,Stopped,Stopped,Stopped,10.10.49.80,196.11.88.133,"172.21.96.1, 172.25.96.1",2024-11-11T15:45:11.540818
Server Status - EBLLEQA345C0T3,EBLLEQA345C0T3,16.5,93.2,73.2,0.02 Mbps,0.00 Mbps,Stopped,Stopped,Stopped,Stopped,Stopped,10.10.49.80,196.11.88.133,"172.21.96.1, 172.25.96.1",2024-11-11T15:45:33.302167
Server Status - EBLLEQA345C0T3,EBLLEQA345C0T3,17.4,94.2,73.2,0.07 Mbps,0.05 Mbps,Stopped,Stopped,Stopped,Stopped,Stopped,10.10.49.80,196.11.88.133,"172.21.96.1, 172.25.96.1",2024-11-11T15:45:55.346792
Server Status - EBLLEQA345C0T3,EBLLEQA345C0T3,8.1,91.0,73.2,0.01 Mbps,0.01 Mbps,Stopped,Stopped,Stopped,Stopped,Stopped,10.10.49.80,196.11.88.133,"172.21.96.1, 172.25.96.1",2024-11-11T15:46:17.214188
Server Status - EBLLEQA345C0T3,EBLLEQA345C0T3,13.7,92.0,73.2,0.01 Mbps,0.01 Mbps,Stopped,Stopped,Stopped,Stopped,Stopped,10.10.49.80,196.11.88.133,"172.21.96.1, 172.25.96.1",2024-11-11T15:46:39.051393
Server Status - EBLLEQA345C0T3,EBLLEQA345C0T3,7.2,92.3,73.2,0.03 Mbps,0.04 Mbps,Stopped,Stopped,Stopped,Stopped,Stopped,10.10.49.80,196.11.88.133,"172.21.96.1, 172.25.96.1",2024-11-11T15:47:00.647108
Server Status - EBLLEQA345C0T3,EBLLEQA345C0T3,19.2,92.8,73.2,0.01 Mbps,0.01 Mbps,Stopped,Stopped,Stopped,Stopped,Stopped,10.10.49.80,196.11.88.133,"172.21.96.1, 172.25.96.1",2024-11-11T15:47:22.425423
Server Status - EBLLEQA345C0T3,EBLLEQA345C0T3,10.1,90.0,73.2,0.04 Mbps,0.04 Mbps,Stopped,Stopped,Stopped,Stopped,Stopped,10.10.49.80,196.11.88.133,"172.21.96.1, 172.25.96.1",2024-11-11T15:47:44.214037
Server Status - EBLLEQA345C0T3,EBLLEQA345C0T3,8.7,89.8,73.2,0.02 Mbps,0.01 Mbps,Stopped,Stopped,Stopped,Stopped,Stopped,10.10.49.80,196.11.88.133,"172.21.96.1, 172.25.96.1",2024-11-11T15:48:05.823313
Server Status - EBLLEQA345C0T3,EBLLEQA345C0T3,8.1,90.5,73.2,0.01 Mbps,0.02 Mbps,Stopped,Stopped,Stopped,Stopped,Stopped,10.10.49.80,196.11.88.133,"172.21.96.1, 172.25.96.1",2024-11-11T15:48:28.158173
Server Status - EBLLEQA345C0T3,EBLLEQA345C0T3,12.2,90.8,73.2,0.02 Mbps,0.01 Mbps,Stopped,Stopped,Stopped,Stopped,Stopped,10.10.49.80,196.11.88.133,"172.21.96.1, 172.25.96.1",2024-11-11T15:48:51.095454
Server Status - EBLLEQA345C0T3,EBLLEQA345C0T3,12.5,93.2,73.2,0.08 Mbps,0.06 Mbps,Stopped,Stopped,Stopped,Stopped,Stopped,10.10.49.80,196.11.88.133,"172.21.96.1, 172.25.96.1",2024-11-11T15:49:13.339986
Server Status - EBLLEQA345C0T3,EBLLEQA345C0T3,16.3,94.6,73.2,0.05 Mbps,0.02 Mbps,Stopped,Stopped,Stopped,Stopped,Stopped,10.10.49.80,196.11.88.133,"172.21.96.1, 172.25.96.1",2024-11-11T15:49:35.127429
Server Status - EBLLEQA345C0T3,EBLLEQA345C0T3,6.8,92.2,73.2,0.03 Mbps,0.01 Mbps,Stopped,Stopped,Stopped,Stopped,Stopped,10.10.49.80,196.11.88.133,"172.21.96.1, 172.25.96.1",2024-11-11T15:49:57.448588
Server Status - EBLLEQA345C0T3,EBLLEQA345C0T3,10.1,93.8,73.2,0.03 Mbps,0.02 Mbps,Stopped,Stopped,Stopped,Stopped,Stopped,10.10.49.80,196.11.88.133,"172.21.96.1, 172.25.96.1",2024-11-11T15:50:19.880594
Server Status - EBLLEQA345C0T3,EBLLEQA345C0T3,9.7,92.0,73.2,0.02 Mbps,0.01 Mbps,Stopped,Stopped,Stopped,Stopped,Stopped,10.10.49.80,196.11.88.133,"172.21.96.1, 172.25.96.1",2024-11-11T15:50:42.332706
Server Status - EBLLEQA345C0T3,EBLLEQA345C0T3,27.4,93.2,73.2,0.02 Mbps,0.00 Mbps,Stopped,Stopped,Stopped,Stopped,Stopped,10.10.49.80,196.11.88.133,"172.21.96.1, 172.25.96.1",2024-11-11T15:51:04.048398
Server Status - EBLLEQA345C0T3,EBLLEQA345C0T3,38.5,94.6,73.2,0.03 Mbps,0.01 Mbps,Stopped,Stopped,Stopped,Stopped,Stopped,10.10.49.80,196.11.88.133,"172.21.96.1, 172.25.96.1",2024-11-11T15:51:26.537052
Server Status - EBLLEQA345C0T3,EBLLEQA345C0T3,6.9,93.1,73.2,0.04 Mbps,0.04 Mbps,Stopped,Stopped,Stopped,Stopped,Stopped,10.10.49.80,196.11.88.133,"172.21.96.1, 172.25.96.1",2024-11-11T15:51:49.174970
Server Status - EBLLEQA345C0T3,EBLLEQA345C0T3,6.9,93.1,73.2,0.09 Mbps,0.07 Mbps,Stopped,Stopped,Stopped,Stopped,Stopped,10.10.49.80,196.11.88.133,"172.21.96.1, 172.25.96.1",2024-11-11T15:52:11.250343
Server Status - EBLLEQA345C0T3,EBLLEQA345C0T3,13.6,94.9,73.2,0.04 Mbps,0.07 Mbps,Stopped,Stopped,Stopped,Stopped,Stopped,10.10.49.80,196.11.88.133,"172.21.96.1, 172.25.96.1",2024-11-11T15:52:32.897263
Server Status - EBLLEQA345C0T3,EBLLEQA345C0T3,15.3,88.8,73.2,0.04 Mbps,0.06 Mbps,Stopped,Stopped,Stopped,Stopped,Stopped,10.10.49.80,196.11.88.133,"172.21.96.1, 172.25.96.1",2024-11-11T15:52:55.413161
Server Status - EBLLEQA345C0T3,EBLLEQA345C0T3,9.7,90.8,73.2,0.00 Mbps,0.01 Mbps,Stopped,Stopped,Stopped,Stopped,Stopped,10.10.49.80,196.11.88.133,"172.21.96.1, 172.25.96.1",2024-11-11T15:53:17.533405
Server Status - EBLLEQA345C0T3,EBLLEQA345C0T3,9.2,91.9,73.2,0.01 Mbps,0.01 Mbps,Stopped,Stopped,Stopped,Stopped,Stopped,10.10.49.80,196.11.88.133,"172.21.96.1, 172.25.96.1",2024-11-11T15:53:40.154387
Server Status - EBLLEQA345C0T3,EBLLEQA345C0T3,6.8,91.6,73.2,0.01 Mbps,0.01 Mbps,Stopped,Stopped,Stopped,Stopped,Stopped,10.10.49.80,196.11.88.133,"172.21.96.1, 172.25.96.1",2024-11-11T15:54:02.338660
Server Status - EBLLEQA345C0T3,EBLLEQA345C0T3,10.2,93.0,73.2,0.02 Mbps,0.01 Mbps,Stopped,Stopped,Stopped,Stopped,Stopped,10.10.49.80,196.11.88.133,"172.21.96.1, 172.25.96.1",2024-11-11T15:54:24.914146
Server Status - EBLLEQA345C0T3,EBLLEQA345C0T3,94.1,92.8,73.2,0.23 Mbps,0.29 Mbps,Stopped,Stopped,Stopped,Stopped,Stopped,10.10.49.80,196.11.88.133,"172.21.96.1, 172.25.96.1",2024-11-11T15:54:51.825078
Server Status - EBLLEQA345C0T3,EBLLEQA345C0T3,22.0,93.4,73.2,0.13 Mbps,0.14 Mbps,Stopped,Stopped,Stopped,Stopped,Stopped,10.10.49.80,196.11.88.133,"172.21.96.1, 172.25.96.1",2024-11-11T15:55:13.308482
Server Status - EBLLEQA345C0T3,EBLLEQA345C0T3,28.9,94.5,73.2,0.06 Mbps,0.03 Mbps,Stopped,Stopped,Stopped,Stopped,Stopped,10.10.49.80,196.11.88.133,"172.21.96.1, 172.25.96.1",2024-11-11T15:55:35.362401
Server Status - EBLLEQA345C0T3,EBLLEQA345C0T3,8.8,93.8,73.2,0.02 Mbps,0.01 Mbps,Stopped,Stopped,Stopped,Stopped,Stopped,10.10.49.80,196.11.88.133,"172.21.96.1, 172.25.96.1",2024-11-11T15:55:57.358200
Server Status - EBLLEQA345C0T3,EBLLEQA345C0T3,8.6,94.1,73.2,0.02 Mbps,0.01 Mbps,Stopped,Stopped,Stopped,Stopped,Stopped,10.10.49.80,196.11.88.133,"172.21.96.1, 172.25.96.1",2024-11-11T15:56:19.112952
Server Status - EBLLEQA345C0T3,EBLLEQA345C0T3,12.5,93.3,73.2,0.02 Mbps,0.03 Mbps,Stopped,Stopped,Stopped,Stopped,Stopped,10.10.49.80,196.11.88.133,"172.21.96.1, 172.25.96.1",2024-11-11T15:56:41.001122
Server Status - EBLLEQA345C0T3,EBLLEQA345C0T3,16.3,93.0,73.2,0.02 Mbps,0.01 Mbps,Stopped,Stopped,Stopped,Stopped,Stopped,10.10.49.80,196.11.88.133,"172.21.96.1, 172.25.96.1",2024-11-11T15:57:02.658245
Server Status - EBLLEQA345C0T3,EBLLEQA345C0T3,10.1,91.1,73.2,0.03 Mbps,0.01 Mbps,Stopped,Stopped,Stopped,Stopped,Stopped,10.10.49.80,196.11.88.133,"172.21.96.1, 172.25.96.1",2024-11-11T15:57:25.143626
Server Status - EBLLEQA345C0T3,EBLLEQA345C0T3,8.9,94.2,73.2,0.04 Mbps,0.02 Mbps,Stopped,Stopped,Stopped,Stopped,Stopped,10.10.49.80,196.11.88.133,"172.21.96.1, 172.25.96.1",2024-11-11T15:57:44.539662
Server Status - EBLLEQA345C0T3,EBLLEQA345C0T3,14.2,92.9,73.2,0.19 Mbps,0.53 Mbps,Stopped,Stopped,Stopped,Stopped,Stopped,10.10.49.80,196.11.88.133,"172.21.96.1, 172.25.96.1",2024-11-11T15:58:07.152094
Server Status - EBLLEQA345C0T3,EBLLEQA345C0T3,6.2,93.9,73.2,0.03 Mbps,0.01 Mbps,Stopped,Stopped,Stopped,Stopped,Stopped,10.10.49.80,196.11.88.133,"172.21.96.1, 172.25.96.1",2024-11-11T15:58:29.034672
Server Status - EBLLEQA345C0T3,EBLLEQA345C0T3,14.5,93.2,73.2,0.07 Mbps,0.01 Mbps,Stopped,Stopped,Stopped,Stopped,Stopped,10.10.49.80,196.11.88.133,"172.21.96.1, 172.25.96.1",2024-11-11T15:58:51.332132
Server Status - EBLLEQA345C0T3,EBLLEQA345C0T3,16.0,93.7,73.2,0.02 Mbps,0.01 Mbps,Stopped,Stopped,Stopped,Stopped,Stopped,10.10.49.80,196.11.88.133,"172.21.96.1, 172.25.96.1",2024-11-11T15:59:13.684422
Server Status - EBLLEQA345C0T3,EBLLEQA345C0T3,19.4,92.6,73.2,0.03 Mbps,0.01 Mbps,Stopped,Stopped,Stopped,Stopped,Stopped,10.10.49.80,196.11.88.133,"172.21.96.1, 172.25.96.1",2024-11-11T15:59:35.802062
Server Status - EBLLEQA345C0T3,EBLLEQA345C0T3,7.8,93.1,73.2,0.02 Mbps,0.01 Mbps,Stopped,Stopped,Stopped,Stopped,Stopped,10.10.49.80,196.11.88.133,"172.21.96.1, 172.25.96.1",2024-11-11T15:59:58.657491
Server Status - EBLLEQA345C0T3,EBLLEQA345C0T3,26.1,92.0,73.2,0.08 Mbps,0.06 Mbps,Stopped,Stopped,Stopped,Stopped,Stopped,10.10.49.80,196.11.88.133,"172.21.96.1, 172.25.96.1",2024-11-11T16:00:20.520489
Server Status - EBLLEQA345C0T3,EBLLEQA345C0T3,14.5,92.2,73.2,0.02 Mbps,0.02 Mbps,Stopped,Stopped,Stopped,Stopped,Stopped,10.10.49.80,196.11.88.133,"172.21.96.1, 172.25.96.1",2024-11-11T16:00:42.574591
Server Status - EBLLEQA345C0T3,EBLLEQA345C0T3,15.4,92.7,73.2,0.02 Mbps,0.01 Mbps,Stopped,Stopped,Stopped,Stopped,Stopped,10.10.49.80,196.11.88.133,"172.21.96.1, 172.25.96.1",2024-11-11T16:01:05.168567
Server Status - EBLLEQA345C0T3,EBLLEQA345C0T3,11.6,92.0,73.2,0.01 Mbps,0.01 Mbps,Stopped,Stopped,Stopped,Stopped,Stopped,10.10.49.80,196.11.88.133,"172.21.96.1, 172.25.96.1",2024-11-11T16:01:27.212822
Server Status - EBLLEQA345C0T3,EBLLEQA345C0T3,12.4,92.9,73.2,0.23 Mbps,0.07 Mbps,Stopped,Stopped,Stopped,Stopped,Stopped,10.10.49.80,196.11.88.133,"172.21.96.1, 172.25.96.1",2024-11-11T16:01:49.545038
Server Status - EBLLEQA345C0T3,EBLLEQA345C0T3,9.3,92.3,73.2,0.05 Mbps,0.01 Mbps,Stopped,Stopped,Stopped,Stopped,Stopped,10.10.49.80,196.11.88.133,"172.21.96.1, 172.25.96.1",2024-11-11T16:02:11.455373
Server Status - EBLLEQA345C0T3,EBLLEQA345C0T3,11.4,92.5,73.2,0.01 Mbps,0.01 Mbps,Stopped,Stopped,Stopped,Stopped,Stopped,10.10.49.80,196.11.88.133,"172.21.96.1, 172.25.96.1",2024-11-11T16:02:33.454106
Server Status - EBLLEQA345C0T3,EBLLEQA345C0T3,100.0,92.9,73.2,0.12 Mbps,0.11 Mbps,Stopped,Stopped,Stopped,Stopped,Stopped,10.10.49.80,196.11.88.133,"172.21.96.1, 172.25.96.1",2024-11-11T16:02:56.216686
Server Status - EBLLEQA345C0T3,EBLLEQA345C0T3,27.5,91.1,73.2,0.04 Mbps,0.04 Mbps,Stopped,Stopped,Stopped,Stopped,Stopped,10.10.49.80,196.11.88.133,"172.21.96.1, 172.25.96.1",2024-11-11T16:03:18.060274
Server Status - EBLLEQA345C0T3,EBLLEQA345C0T3,14.5,89.5,73.2,0.02 Mbps,0.01 Mbps,Stopped,Stopped,Stopped,Stopped,Stopped,10.10.49.80,196.11.88.133,"172.21.96.1, 172.25.96.1",2024-11-11T16:03:40.749436
Server Status - EBLLEQA345C0T3,EBLLEQA345C0T3,9.5,93.3,73.2,0.01 Mbps,0.01 Mbps,Stopped,Stopped,Stopped,Stopped,Stopped,10.10.49.80,196.11.88.133,"172.21.96.1, 172.25.96.1",2024-11-11T16:04:03.275832
Server Status - EBLLEQA345C0T3,EBLLEQA345C0T3,14.5,94.2,73.2,0.02 Mbps,0.01 Mbps,Stopped,Stopped,Stopped,Stopped,Stopped,10.10.49.80,196.11.88.133,"172.21.96.1, 172.25.96.1",2024-11-11T16:04:25.915235
Server Status - EBLLEQA345C0T3,EBLLEQA345C0T3,27.4,94.9,73.2,0.06 Mbps,0.11 Mbps,Stopped,Stopped,Stopped,Stopped,Stopped,10.10.49.80,196.11.88.133,"172.21.96.1, 172.25.96.1",2024-11-11T16:04:49.743678
Server Status - EBLLEQA345C0T3,EBLLEQA345C0T3,22.9,94.3,73.2,0.04 Mbps,0.05 Mbps,Stopped,Stopped,Stopped,Stopped,Stopped,10.10.49.80,196.11.88.133,"172.21.96.1, 172.25.96.1",2024-11-11T16:05:14.224898
Server Status - EBLLEQA345C0T3,EBLLEQA345C0T3,10.5,91.8,73.2,0.03 Mbps,0.02 Mbps,Stopped,Stopped,Stopped,Stopped,Stopped,10.10.49.80,196.11.88.133,"172.21.96.1, 172.25.96.1",2024-11-11T16:05:36.254921
Server Status - EBLLEQA345C0T3,EBLLEQA345C0T3,34.0,95.0,73.2,0.11 Mbps,0.16 Mbps,Stopped,Stopped,Stopped,Stopped,Stopped,10.10.49.80,196.11.88.133,"172.21.96.1, 172.25.96.1",2024-11-11T16:05:58.344896
Server Status - EBLLEQA345C0T3,EBLLEQA345C0T3,33.8,93.4,73.2,0.08 Mbps,0.11 Mbps,Stopped,Stopped,Stopped,Stopped,Stopped,10.10.49.80,196.11.88.133,"172.21.96.1, 172.25.96.1",2024-11-11T16:06:20.165785
Server Status - EBLLEQA345C0T3,EBLLEQA345C0T3,26.7,93.7,73.2,0.02 Mbps,0.01 Mbps,Stopped,Stopped,Stopped,Stopped,Stopped,10.10.49.80,196.11.88.133,"172.21.96.1, 172.25.96.1",2024-11-11T16:06:41.857482
Server Status - EBLLEQA345C0T3,EBLLEQA345C0T3,17.0,90.6,73.2,0.21 Mbps,0.21 Mbps,Stopped,Stopped,Stopped,Stopped,Stopped,10.10.49.80,196.11.88.133,"172.21.96.1, 172.25.96.1",2024-11-11T16:07:05.866749
Server Status - EBLLEQA345C0T3,EBLLEQA345C0T3,13.9,93.3,73.2,0.01 Mbps,0.01 Mbps,Stopped,Stopped,Stopped,Stopped,Stopped,10.10.49.80,196.11.88.133,"172.21.96.1, 172.25.96.1",2024-11-11T16:07:28.695946
Server Status - EBLLEQA345C0T3,EBLLEQA345C0T3,24.6,90.1,73.2,0.08 Mbps,0.01 Mbps,Stopped,Stopped,Stopped,Stopped,Stopped,10.10.49.80,196.11.88.133,"172.21.96.1, 172.25.96.1",2024-11-11T16:07:51.222879
Server Status - EBLLEQA345C0T3,EBLLEQA345C0T3,8.4,89.3,73.2,0.02 Mbps,0.01 Mbps,Stopped,Stopped,Stopped,Stopped,Stopped,10.10.49.80,196.11.88.133,"172.21.96.1, 172.25.96.1",2024-11-11T16:08:12.932962
Server Status - EBLLEQA345C0T3,EBLLEQA345C0T3,7.4,90.0,73.2,0.02 Mbps,0.04 Mbps,Stopped,Stopped,Stopped,Stopped,Stopped,10.10.49.80,196.11.88.133,"172.21.96.1, 172.25.96.1",2024-11-11T16:08:34.868576
Server Status - EBLLEQA345C0T3,EBLLEQA345C0T3,13.6,91.1,73.2,0.03 Mbps,0.02 Mbps,Stopped,Stopped,Stopped,Stopped,Stopped,10.10.49.80,196.11.88.133,"172.21.96.1, 172.25.96.1",2024-11-11T16:08:56.762721
Server Status - EBLLEQA345C0T3,EBLLEQA345C0T3,9.9,94.3,73.2,0.02 Mbps,0.01 Mbps,Stopped,Stopped,Stopped,Stopped,Stopped,10.10.49.80,196.11.88.133,"172.21.96.1, 172.25.96.1",2024-11-11T16:09:18.840739
Server Status - EBLLEQA345C0T3,EBLLEQA345C0T3,12.0,93.3,73.2,0.05 Mbps,0.03 Mbps,Stopped,Stopped,Stopped,Stopped,Stopped,10.10.49.80,196.11.88.133,"172.21.96.1, 172.25.96.1",2024-11-11T16:09:40.811428
Server Status - EBLLEQA345C0T3,EBLLEQA345C0T3,10.0,93.4,73.2,0.01 Mbps,0.01 Mbps,Stopped,Stopped,Stopped,Stopped,Stopped,10.10.49.80,196.11.88.133,"172.21.96.1, 172.25.96.1",2024-11-11T16:10:04.604283
Server Status - EBLLEQA345C0T3,EBLLEQA345C0T3,15.3,91.0,73.2,0.02 Mbps,0.01 Mbps,Stopped,Stopped,Stopped,Stopped,Stopped,10.10.49.80,196.11.88.133,"172.21.96.1, 172.25.96.1",2024-11-11T16:10:26.400837
Server Status - EBLLEQA345C0T3,EBLLEQA345C0T3,9.9,90.8,73.2,0.01 Mbps,0.01 Mbps,Stopped,Stopped,Stopped,Stopped,Stopped,10.10.49.80,196.11.88.133,"172.21.96.1, 172.25.96.1",2024-11-11T16:10:48.393182
Server Status - EBLLEQA345C0T3,EBLLEQA345C0T3,10.8,93.7,73.2,0.07 Mbps,0.76 Mbps,Stopped,Stopped,Stopped,Stopped,Stopped,10.10.49.80,196.11.88.133,"172.21.96.1, 172.25.96.1",2024-11-11T16:11:13.302655
Server Status - EBLLEQA345C0T3,EBLLEQA345C0T3,32.7,94.4,73.2,0.04 Mbps,0.02 Mbps,Stopped,Stopped,Stopped,Stopped,Stopped,10.10.49.80,196.11.88.133,"172.21.96.1, 172.25.96.1",2024-11-11T16:11:35.281517
Server Status - EBLLEQA345C0T3,EBLLEQA345C0T3,40.0,90.6,73.2,0.04 Mbps,0.02 Mbps,Stopped,Stopped,Stopped,Stopped,Stopped,10.10.49.80,196.11.88.133,"172.21.96.1, 172.25.96.1",2024-11-11T16:11:57.636537
Server Status - EBLLEQA345C0T3,EBLLEQA345C0T3,8.9,92.1,73.2,0.01 Mbps,0.02 Mbps,Stopped,Stopped,Stopped,Stopped,Stopped,10.10.49.80,196.11.88.133,"172.21.96.1, 172.25.96.1",2024-11-11T16:12:20.275210
Server Status - EBLLEQA345C0T3,EBLLEQA345C0T3,11.8,93.2,73.2,0.04 Mbps,0.02 Mbps,Stopped,Stopped,Stopped,Stopped,Stopped,10.10.49.80,196.11.88.133,"172.21.96.1, 172.25.96.1",2024-11-11T16:12:42.983684
Server Status - EBLLEQA345C0T3,EBLLEQA345C0T3,8.8,89.4,73.2,0.03 Mbps,0.01 Mbps,Stopped,Stopped,Stopped,Stopped,Stopped,10.10.49.80,196.11.88.133,"172.21.96.1, 172.25.96.1",2024-11-11T16:13:06.217241
Server Status - EBLLEQA345C0T3,EBLLEQA345C0T3,9.3,92.1,73.2,0.02 Mbps,0.01 Mbps,Stopped,Stopped,Stopped,Stopped,Stopped,10.10.49.80,196.11.88.133,"172.21.96.1, 172.25.96.1",2024-11-11T16:13:27.809584
Server Status - EBLLEQA345C0T3,EBLLEQA345C0T3,10.5,92.3,73.2,0.03 Mbps,0.04 Mbps,Stopped,Stopped,Stopped,Stopped,Stopped,10.10.49.80,196.11.88.133,"172.21.96.1, 172.25.96.1",2024-11-11T16:13:49.504602
Server Status - EBLLEQA345C0T3,EBLLEQA345C0T3,10.3,91.9,73.2,0.03 Mbps,0.04 Mbps,Stopped,Stopped,Stopped,Stopped,Stopped,10.10.49.80,196.11.88.133,"172.21.96.1, 172.25.96.1",2024-11-11T16:14:11.612897
Server Status - EBLLEQA345C0T3,EBLLEQA345C0T3,9.9,93.1,73.2,0.01 Mbps,0.01 Mbps,Stopped,Stopped,Stopped,Stopped,Stopped,10.10.49.80,196.11.88.133,"172.21.96.1, 172.25.96.1",2024-11-11T16:14:33.621227
Server Status - EBLLEQA345C0T3,EBLLEQA345C0T3,6.8,90.9,73.2,1.65 Mbps,0.06 Mbps,Stopped,Stopped,Stopped,Stopped,Stopped,10.10.49.80,196.11.88.133,"172.21.96.1, 172.25.96.1",2024-11-11T16:14:55.446412
Server Status - EBLLEQA345C0T3,EBLLEQA345C0T3,13.8,91.7,73.2,0.03 Mbps,0.03 Mbps,Stopped,Stopped,Stopped,Stopped,Stopped,10.10.49.80,196.11.88.133,"172.21.96.1, 172.25.96.1",2024-11-11T16:15:18.864410
Server Status - EBLLEQA345C0T3,EBLLEQA345C0T3,18.8,92.7,73.2,0.03 Mbps,0.02 Mbps,Stopped,Stopped,Stopped,Stopped,Stopped,10.10.49.80,196.11.88.133,"172.21.96.1, 172.25.96.1",2024-11-11T16:15:40.564943
Server Status - EBLLEQA345C0T3,EBLLEQA345C0T3,9.2,93.7,73.2,0.02 Mbps,0.01 Mbps,Stopped,Stopped,Stopped,Stopped,Stopped,10.10.49.80,196.11.88.133,"172.21.96.1, 172.25.96.1",2024-11-11T16:16:02.494935
Server Status - EBLLEQA345C0T3,EBLLEQA345C0T3,8.4,93.8,73.2,0.00 Mbps,0.01 Mbps,Stopped,Stopped,Stopped,Stopped,Stopped,10.10.49.80,196.11.88.133,"172.21.96.1, 172.25.96.1",2024-11-11T16:16:25.115569
Server Status - EBLLEQA345C0T3,EBLLEQA345C0T3,17.7,92.7,73.2,0.03 Mbps,0.02 Mbps,Stopped,Stopped,Stopped,Stopped,Stopped,10.10.49.80,196.11.88.133,"172.21.96.1, 172.25.96.1",2024-11-11T16:16:46.794322
Server Status - EBLLEQA345C0T3,EBLLEQA345C0T3,8.8,95.4,73.2,0.19 Mbps,0.12 Mbps,Stopped,Stopped,Stopped,Stopped,Stopped,10.10.49.80,196.11.88.133,"172.21.96.1, 172.25.96.1",2024-11-11T16:17:08.798954
Server Status - EBLLEQA345C0T3,EBLLEQA345C0T3,24.6,96.3,73.2,0.04 Mbps,0.03 Mbps,Stopped,Stopped,Stopped,Stopped,Stopped,10.10.49.80,196.11.88.133,"172.21.96.1, 172.25.96.1",2024-11-11T16:17:30.619239
Server Status - EBLLEQA345C0T3,EBLLEQA345C0T3,7.2,92.4,73.2,0.02 Mbps,0.02 Mbps,Stopped,Stopped,Stopped,Stopped,Stopped,10.10.49.80,196.11.88.133,"172.21.96.1, 172.25.96.1",2024-11-11T16:17:52.745666
Server Status - EBLLEQA345C0T3,EBLLEQA345C0T3,8.8,87.6,73.2,0.01 Mbps,0.01 Mbps,Stopped,Stopped,Stopped,Stopped,Stopped,10.10.49.80,196.11.88.133,"172.21.96.1, 172.25.96.1",2024-11-11T16:18:14.865376
